kind,sample_id,alpha,status,seconds,u_0,max_rel_dev,spurious
grid,,0.2,ok,0.0059885000009671785,-9.470241283422625e-06,2.469136006766348e-13,False
grid,,0.20904522613065327,ok,0.005834399999002926,-9.060471227888915e-06,1.3655743202889425e-13,False
grid,,0.21809045226130655,ok,0.00562789999821689,-8.684691315209309e-06,1.1513012765362873e-13,False
grid,,0.2271356783919598,ok,0.004932299998472445,-8.33884077610903e-06,1.9984014443252818e-15,False
grid,,0.2361809045226131,ok,0.010209200001554564,-8.019480916597798e-06,8.182343691487404e-14,False
grid,,0.24522613065326634,ok,0.01150939999934053,-7.723680390986635e-06,5.395683899678261e-14,False
grid,,0.2542713567839196,ok,0.006488699997134972,-7.4489249620571125e-06,9.947598300641403e-14,False
grid,,0.2633165829145729,ok,0.004690499998105224,-7.1930458603071734e-06,8.359979375427429e-14,False
grid,,0.2723618090452261,ok,0.005134699997142889,-6.954162418451716e-06,1.1790568521519162e-13,False
grid,,0.2814070351758794,ok,0.004917300000670366,-6.73063576928762e-06,5.484501741648273e-14,False
grid,,0.2904522613065327,ok,0.005626999998639803,-6.521031195157984e-06,1.0880185641326534e-14,False
grid,,0.29949748743718596,ok,0.005073300002550241,-6.324087300001681e-06,7.227551890309769e-14,False
grid,,0.3085427135678392,ok,0.004795100001501851,-6.138690603910974e-06,1.687538997430238e-14,False
grid,,0.31758793969849247,ok,0.005471799995575566,-5.963854479116458e-06,8.681944052568724e-14,False
grid,,0.3266331658291457,ok,0.010014999999839347,-5.798701585848081e-06,5.773159728050814e-15,False
grid,,0.335678391959799,ok,0.030123399999865796,-5.64244914790617e-06,1.2656542480726785e-14,False
grid,,0.34472361809045227,ok,0.009572399998432957,-5.49439654635824e-06,1.270095140171179e-13,False
grid,,0.35376884422110555,ok,0.008027500000025611,-5.353914816479089e-06,1.3322676295501878e-15,False
grid,,0.36281407035175883,ok,0.019035400000575464,-5.220437715791338e-06,1.9095836023552692e-14,False
grid,,0.37185929648241206,ok,0.007903500001702923,-5.093454095677878e-06,9.43689570931383e-14,False
grid,,0.38090452261306534,ok,0.008003000002645422,-4.972501359896048e-06,1.84297022087776e-14,False
grid,,0.38994974874371857,ok,0.00842959999863524,-4.8571598335066444e-06,3.141931159689193e-14,False
grid,,0.39899497487437185,ok,0.007053799999994226,-4.747047897734712e-06,2.3092638912203256e-14,False
grid,,0.40804020100502514,ok,0.008469200001854915,-4.641817771922917e-06,3.574918139293004e-14,False
grid,,0.4170854271356784,ok,0.007189299998572096,-4.541151844339287e-06,8.859579736508749e-14,False
grid,,0.42613065326633165,ok,0.019949200002884027,-4.4447594702844675e-06,1.2212453270876722e-14,False
grid,,0.43517587939698493,ok,0.009314799994172063,-4.352374169516231e-06,5.795364188543317e-14,False
grid,,0.44422110552763816,ok,0.0076216000015847385,-4.263751166064603e-06,4.3853809472693683e-14,False
grid,,0.45326633165829144,ok,0.006866299998364411,-4.178665222618005e-06,4.418687638008123e-14,False
grid,,0.4623115577889447,ok,0.005403600000136066,-4.0969087291322425e-06,1.0325074129013956e-13,False
grid,,0.471356783919598,ok,0.005310999993525911,-4.018290011515311e-06,2.3092638912203256e-14,False
grid,,0.48040201005025124,ok,0.01899490000505466,-3.942631831382361e-06,6.972200594645983e-14,False
grid,,0.4894472361809045,ok,0.009410599996044766,-3.869770052157542e-06,4.551914400963142e-14,False
grid,,0.4984924623115578,ok,0.007516500001656823,-3.7995524504047057e-06,5.1514348342607263e-14,False
grid,,0.507537688442211,ok,0.005546899999899324,-3.7318376542586364e-06,1.3655743202889425e-14,False
grid,,0.5165829145728643,ok,0.06681250000110595,-3.666494193386646e-06,5.240252676230739e-14,False
grid,,0.5256281407035176,ok,0.011692100000800565,-3.6033996470377092e-06,4.5075054799781356e-14,False
grid,,0.5346733668341708,ok,0.0053372000038507394,-3.5424398785725928e-06,9.658940314238862e-15,False
grid,,0.543718592964824,ok,0.008074700002907775,-3.4835083463967377e-06,1.2212453270876722e-15,False
grid,,0.5527638190954773,ok,0.004953400006343145,-3.4265054825467897e-06,5.1514348342607263e-14,False
grid,,0.5618090452261306,ok,0.00855040000169538,-3.3713381313070797e-06,1.0880185641326534e-14,False
grid,,0.5708542713567839,ok,0.005630700004985556,-3.3179190411982993e-06,1.6653345369377348e-15,False
grid,,0.5798994974874372,ok,0.010198600000876468,-3.266166404507087e-06,2.5424107263916085e-14,False
grid,,0.5889447236180905,ok,0.007427500000630971,-3.2160034392501048e-06,4.0190073491430667e-14,False
grid,,0.5979899497487438,ok,0.0050568000006023794,-3.1673580090765807e-06,3.785860513971784e-14,False
grid,,0.607035175879397,ok,0.006078000005800277,-3.120162277153202e-06,5.4511950509095186e-14,False
grid,,0.6160804020100503,ok,0.0048497999960090965,-3.0743523905394e-06,8.215650382226158e-15,False
grid,,0.6251256281407035,ok,0.005024499994760845,-3.0298681919624906e-06,1.709743457922741e-14,False
grid,,0.6341708542713568,ok,0.004775699999299832,-2.9866529562608537e-06,2.0317081350640365e-14,False
grid,,0.6432160804020101,ok,0.004840200002945494,-2.944653149063407e-06,3.008704396734174e-14,False
grid,,0.6522613065326632,ok,0.004869800002779812,-2.903818205547993e-06,5.329070518200751e-15,False
grid,,0.6613065326633165,ok,0.004812900006072596,-2.864100327356537e-06,1.8984813721090177e-14,False
grid,,0.6703517587939698,ok,0.0049472999962745234,-2.82545429595292e-06,2.098321516541546e-14,False
grid,,0.6793969849246231,ok,0.005916699999943376,-2.7878373008885604e-06,1.5765166949677223e-14,False
grid,,0.6884422110552764,ok,0.005705399998987559,-2.7512087816068707e-06,3.68594044175552e-14,False
grid,,0.6974874371859296,ok,0.005210299997997936,-2.7155302815571043e-06,3.552713678800501e-15,False
grid,,0.7065326633165829,ok,0.005292000001645647,-2.6807653135144197e-06,0.0,False
grid,,0.7155778894472362,ok,0.005114600004162639,-2.646879235113336e-06,3.086420008457935e-14,False
grid,,0.7246231155778895,ok,0.005099499998323154,-2.613839133704086e-06,4.6629367034256575e-15,False
grid,,0.7336683417085428,ok,0.005050100000516977,-2.5816137197269346e-06,1.3322676295501878e-14,False
grid,,0.7427135678391961,ok,0.00486300000193296,-2.550173227876288e-06,3.186340080674199e-14,False
grid,,0.7517587939698491,ok,0.00544159999844851,-2.519489325401837e-06,3.3639757646142243e-14,False
grid,,0.7608040201005024,ok,0.005128899996634573,-2.4895350269494217e-06,3.9745984281580604e-14,False
grid,,0.7698492462311557,ok,0.004942300001857802,-2.460284615405499e-06,1.3322676295501878e-14,False
grid,,0.778894472361809,ok,0.004917899997963104,-2.4317135682588923e-06,2.220446049250313e-15,False
grid,,0.7879396984924623,ok,0.0046504000056302175,-2.4037984890313628e-06,2.5979218776228663e-14,False
grid,,0.7969849246231155,ok,0.005042099997808691,-2.376517043380323e-06,2.1760371282653068e-14,False
grid,,0.8060301507537688,ok,0.004767999998875894,-2.3498478995020302e-06,4.6629367034256575e-15,False
grid,,0.8150753768844221,ok,0.004559499997412786,-2.323770672504004e-06,5.839773109528323e-14,False
grid,,0.8241206030150754,ok,0.004668399997171946,-2.2982658724398358e-06,1.4876988529977098e-14,False
grid,,0.8331658291457287,ok,0.0045409000013023615,-2.2733148557306456e-06,3.6193270602780103e-14,False
grid,,0.842211055276382,ok,0.004961099999491125,-2.248899779714313e-06,2.2648549702353193e-14,False
grid,,0.8512562814070352,ok,0.005094699998153374,-2.225003560095285e-06,3.68594044175552e-14,False
grid,,0.8603015075376885,ok,0.005832800001371652,-2.2016098310754672e-06,1.9539925233402755e-14,False
grid,,0.8693467336683416,ok,0.005165299997315742,-2.178702907977647e-06,1.4432899320127035e-14,False
grid,,0.8783919597989949,ok,0.006625999994867016,-2.1562677521747403e-06,4.551914400963142e-14,False
grid,,0.8874371859296482,ok,0.006241600000066683,-2.13428993816604e-06,1.27675647831893e-14,False
grid,,0.8964824120603014,ok,0.0057304000001749955,-2.1127556226465327e-06,3.708144902248023e-14,False
grid,,0.9055276381909547,ok,0.005065199999080505,-2.091651515428079e-06,3.2862601528904634e-14,False
grid,,0.914572864321608,ok,0.005018000003474299,-2.0709648520885867e-06,1.2434497875801753e-14,False
grid,,0.9236180904522613,ok,0.004880400003457908,-2.0506833682270094e-06,8.215650382226158e-15,False
grid,,0.9326633165829146,ok,0.005483900000399444,-2.0307952752162136e-06,4.884981308350689e-15,False
grid,,0.9417085427135679,ok,0.005133499995281454,-2.0112892373538712e-06,3.164135620181696e-14,False
grid,,0.9507537688442211,ok,0.00588900000002468,-1.992154350317744e-06,2.7200464103316335e-14,False
grid,,0.9597989949748744,ok,0.004622000000381377,-1.9733801208382936e-06,3.530509218307998e-14,False
grid,,0.9688442211055277,ok,0.0051814000034937635,-1.9549564475110556e-06,1.0880185641326534e-14,False
grid,,0.977889447236181,ok,0.004752699998789467,-1.936873602672909e-06,5.484501741648273e-14,False
grid,,0.986934673366834,ok,0.005655100001604296,-1.919122215275594e-06,2.220446049250313e-15,False
grid,,0.9959798994974873,ok,0.004933100004564039,-1.9016932546928709e-06,1.2212453270876722e-15,False
grid,,1.0050251256281406,ok,0.004774199995154049,-1.8845780154006226e-06,7.771561172376096e-15,False
grid,,1.014070351758794,ok,0.0054136999970069155,-1.8677681024782723e-06,3.2085445411667024e-14,False
grid,,1.0231155778894472,ok,0.00470340000174474,-1.8512554178788436e-06,1.354472090042691e-14,False
grid,,1.0321608040201005,ok,0.004624899993359577,-1.8350321474202753e-06,7.549516567451064e-15,False
grid,,1.0412060301507537,ok,0.0051582000014605,-1.8190907484562492e-06,1.9761969838327786e-14,False
grid,,1.050251256281407,ok,0.0049119000032078475,-1.8034239381824087e-06,1.0658141036401503e-14,False
grid,,1.0592964824120603,ok,0.005304699996486306,-1.7880246825432582e-06,2.275957200481571e-14,False
grid,,1.0683417085427136,ok,0.0057962000064435415,-1.7728861857014623e-06,9.103828801926284e-15,False
grid,,1.0773869346733669,ok,0.0050241999997524545,-1.7580018800378878e-06,1.1324274851176597e-14,False
grid,,1.0864321608040202,ok,0.0050208000029670075,-1.7433654166518459e-06,4.440892098500626e-15,False
grid,,1.0954773869346734,ok,0.005389199999626726,-1.7289706563308506e-06,5.218048215738236e-15,False
grid,,1.1045226130653265,ok,0.004743699995742645,-1.7148116609650835e-06,5.551115123125783e-15,False
grid,,1.1135678391959798,ok,0.004710900000645779,-1.7008826853796303e-06,3.6637359812630166e-15,False
grid,,1.122613065326633,ok,0.004982699996617157,-1.687178169561875e-06,1.2101430968414206e-14,False
grid,,1.1316582914572864,ok,0.005927699996391311,-1.6736927312617037e-06,2.1760371282653068e-14,False
grid,,1.1407035175879396,ok,0.00521449999359902,-1.660421158943311e-06,1.1102230246251565e-14,False
grid,,1.149748743718593,ok,0.005159600004844833,-1.6473584050704938e-06,4.218847493575595e-15,False
grid,,1.1587939698492462,ok,0.005839700002979953,-1.634499579705666e-06,2.220446049250313e-15,False
grid,,1.1678391959798995,ok,0.006030999997165054,-1.6218399444067934e-06,3.019806626980426e-14,False
grid,,1.1768844221105528,ok,0.005717000000004191,-1.609374906405335e-06,5.329070518200751e-15,False
grid,,1.185929648241206,ok,0.005554200004553422,-1.5971000130513949e-06,4.6629367034256575e-15,False
grid,,1.1949748743718593,ok,0.006416600001102779,-1.58501094651021e-06,1.5543122344752192e-15,False
grid,,1.2040201005025124,ok,0.005925800003751647,-1.5731035186983872e-06,1.6209256159527285e-14,False
grid,,1.2130653266331657,ok,0.0055328999951598234,-1.5613736664463165e-06,3.530509218307998e-14,False
grid,,1.222110552763819,ok,0.0065411999967182055,-1.5498174468755461e-06,1.4210854715202004e-14,False
grid,,1.2311557788944723,ok,0.006676699995296076,-1.5384310329801127e-06,4.440892098500626e-16,False
grid,,1.2402010050251255,ok,0.0055840999993961304,-1.5272107094008577e-06,1.1102230246251565e-14,False
grid,,1.2492462311557788,ok,0.005883400001039263,-1.5161528683834579e-06,4.440892098500626e-16,False
grid,,1.258291457286432,ok,0.0057769999984884635,-1.5052540059110048e-06,3.141931159689193e-14,False
grid,,1.2673366834170854,ok,0.0059957000048598275,-1.4945107180021e-06,5.773159728050814e-15,False
grid,,1.2763819095477387,ok,0.0054323000003932975,-1.483919697165883e-06,1.8207657603852567e-14,False
grid,,1.285427135678392,ok,0.005300700002408121,-1.4734777290075197e-06,1.0325074129013956e-14,False
grid,,1.2944723618090452,ok,0.0049732999978004955,-1.4631816889756772e-06,1.865174681370263e-14,False
grid,,1.3035175879396983,ok,0.0052474000040092506,-1.4530285392449155e-06,9.547918011776346e-15,False
grid,,1.3125628140703516,ok,0.005320199998095632,-1.4430153257279151e-06,1.0436096431476471e-14,False
grid,,1.3216080402010049,ok,0.005060700001195073,-1.4331391752095939e-06,1.1435297153639112e-14,False
grid,,1.3306532663316581,ok,0.004836500003875699,-1.4233972925986862e-06,1.2212453270876722e-14,False
grid,,1.3396984924623114,ok,0.005395900006988086,-1.413786958290082e-06,2.220446049250313e-14,False
grid,,1.3487437185929647,ok,0.0046255000052042305,-1.4043055256338185e-06,2.7977620220553945e-14,False
grid,,1.357788944723618,ok,0.005269900000712369,-1.3949504185053065e-06,1.687538997430238e-14,False
grid,,1.3668341708542713,ok,0.004818599998543505,-1.3857191289710535e-06,2.3314683517128287e-15,False
grid,,1.3758793969849246,ok,0.005400299996836111,-1.3766092150479359e-06,6.8833827526759706e-15,False
grid,,1.3849246231155778,ok,0.005115499996463768,-1.367618298549065e-06,1.3655743202889425e-14,False
grid,,1.3939698492462311,ok,0.005129999997734558,-1.3587440630141548e-06,2.3314683517128287e-15,False
grid,,1.4030150753768844,ok,0.005262400001811329,-1.349984251719621e-06,2.4646951146678475e-14,False
grid,,1.4120603015075377,ok,0.005119000001286622,-1.3413366657655885e-06,7.771561172376096e-15,False
grid,,1.4211055276381908,ok,0.005103000003146008,-1.3327991622352248e-06,1.5654144647214707e-14,False
grid,,1.430150753768844,ok,0.004787300000316463,-1.3243696524248988e-06,3.3306690738754696e-15,False
grid,,1.4391959798994973,ok,0.005011699999158736,-1.316046100140116e-06,4.6629367034256575e-15,False
grid,,1.4482412060301506,ok,0.00621129999490222,-1.3078265200559445e-06,1.1324274851176597e-14,False
grid,,1.457286432160804,ok,0.007431999998516403,-1.299708976138379e-06,6.439293542825908e-15,False
grid,,1.4663316582914572,ok,0.005753499994170852,-1.2916915801237649e-06,3.4083846855992306e-14,False
grid,,1.4753768844221105,ok,0.005590799999481533,-1.2837724900549426e-06,9.769962616701378e-15,False
grid,,1.4844221105527637,ok,0.005793700001959223,-1.2759499088697526e-06,6.661338147750939e-15,False
grid,,1.493467336683417,ok,0.005608400002529379,-1.2682220830421502e-06,9.992007221626409e-16,False
grid,,1.5025125628140703,ok,0.0050725000037346035,-1.2605873012713392e-06,7.993605777301127e-15,False
grid,,1.5115577889447236,ok,0.005819899997732136,-1.2530438932185243e-06,1.2434497875801753e-14,False
grid,,1.5206030150753769,ok,0.005698900000425056,-1.245590228288581e-06,7.327471962526033e-15,False
grid,,1.5296482412060302,ok,0.005928699996729847,-1.2382247144550616e-06,1.765254609153999e-14,False
grid,,1.5386934673366832,ok,0.00584349999553524,-1.230945797126486e-06,6.8833827526759706e-15,False
grid,,1.5477386934673365,ok,0.005716699997719843,-1.223751958052377e-06,1.2212453270876722e-14,False
grid,,1.5567839195979898,ok,0.004525199998170137,-1.2166417142676847e-06,3.3306690738754696e-15,False
grid,,1.565829145728643,ok,0.00514860000112094,-1.2096136170735733e-06,5.329070518200751e-15,False
grid,,1.5748743718592964,ok,0.00495779999619117,-1.2026662510533707e-06,2.7755575615628914e-15,False
grid,,1.5839195979899496,ok,0.005067099998996127,-1.1957982331222312e-06,4.440892098500626e-16,False
grid,,1.592964824120603,ok,0.005746199996792711,-1.189008211609205e-06,2.5202062658991053e-14,False
grid,,1.6020100502512562,ok,0.005938299997069407,-1.1822948653705405e-06,2.4424906541753444e-15,False
grid,,1.6110552763819095,ok,0.005423299997346476,-1.1756569029323857e-06,1.2212453270876722e-14,False
grid,,1.6201005025125628,ok,0.005178900006285403,-1.169093061662925e-06,1.1102230246251565e-15,False
grid,,1.629145728643216,ok,0.004828299999644514,-1.1626021069714095e-06,9.325873406851315e-15,False
grid,,1.6381909547738693,ok,0.006297299994912464,-1.1561828315341336e-06,4.440892098500626e-16,False
grid,,1.6472361809045226,ok,0.00546559999929741,-1.1498340545458344e-06,7.549516567451064e-15,False
grid,,1.6562814070351757,ok,0.004839200002606958,-1.1435546209955217e-06,9.325873406851315e-15,False
grid,,1.665326633165829,ok,0.005682800001522992,-1.1373434009659665e-06,1.63202784619898e-14,False
grid,,1.6743718592964822,ok,0.005448199997772463,-1.1311992889559803e-06,1.3766765505351941e-14,False
grid,,1.6834170854271355,ok,0.004650899994885549,-1.1251212032242668e-06,5.10702591327572e-15,False
grid,,1.6924623115577888,ok,0.005619499999738764,-1.1191080851547542e-06,1.6542323066914832e-14,False
grid,,1.701507537688442,ok,0.006107100001827348,-1.1131588986418549e-06,1.2212453270876722e-14,False
grid,,1.7105527638190954,ok,0.00561569999990752,-1.107272629495063e-06,2.120525977034049e-14,False
grid,,1.7195979899497487,ok,0.0053746000048704445,-1.1014482848630607e-06,3.1530333899354446e-14,False
grid,,1.728643216080402,ok,0.004916500001854729,-1.0956848926747829e-06,5.662137425588298e-15,False
grid,,1.7376884422110552,ok,0.004954199997882824,-1.089981501099281e-06,1.0436096431476471e-14,False
grid,,1.7467336683417085,ok,0.005233199997746851,-1.084337178021086e-06,5.551115123125783e-15,False
grid,,1.7557788944723618,ok,0.004688399996666703,-1.0787510105327034e-06,2.220446049250313e-15,False
grid,,1.7648241206030149,ok,0.005782500003988389,-1.0732221044422586e-06,1.6542323066914832e-14,False
grid,,1.7738693467336681,ok,0.005599999996775296,-1.0677495837963784e-06,1.5654144647214707e-14,False
grid,,1.7829145728643214,ok,0.00507820000348147,-1.0623325904174884e-06,6.772360450213455e-15,False
grid,,1.7919597989949747,ok,0.0059636000005411915,-1.0569702834552164e-06,7.105427357601002e-15,False
grid,,1.801005025125628,ok,0.005327599996235222,-1.0516618389512568e-06,7.993605777301127e-15,False
grid,,1.8100502512562813,ok,0.004801400005817413,-1.0464064494173512e-06,6.439293542825908e-15,False
grid,,1.8190954773869346,ok,0.006089299997256603,-1.0412033234257626e-06,3.6637359812630166e-15,False
grid,,1.8281407035175878,ok,0.00594900000578491,-1.0360516852119858e-06,1.865174681370263e-14,False
grid,,1.8371859296482411,ok,0.004958400000759866,-1.0309507742891867e-06,2.1094237467877974e-15,False
grid,,1.8462311557788944,ok,0.005881299999600742,-1.025899845073852e-06,1.532107773982716e-14,False
grid,,1.8552763819095477,ok,0.005563099999562837,-1.0208981665225447e-06,1.0436096431476471e-14,False
grid,,1.864321608040201,ok,0.004784699995070696,-1.0159450217793258e-06,6.439293542825908e-15,False
grid,,1.8733668341708543,ok,0.0064252000011038035,-1.011039707832954e-06,5.662137425588298e-15,False
grid,,1.8824120603015073,ok,0.004324299996369518,-1.0061815351845376e-06,8.881784197001252e-16,False
grid,,1.8914572864321606,ok,0.005002899997634813,-1.0013698275242545e-06,5.10702591327572e-15,False
grid,,1.9005025125628139,ok,0.005384099997172598,-9.966039214175674e-07,9.2148511043888e-15,False
grid,,1.9095477386934672,ok,0.004818300003535114,-9.91883166000331e-07,4.3298697960381105e-15,False
grid,,1.9185929648241205,ok,0.00502260000212118,-9.87206922682369e-07,2.886579864025407e-15,False
grid,,1.9276381909547737,ok,0.005546100001083687,-9.825745648595654e-07,4.884981308350689e-15,False
grid,,1.936683417085427,ok,0.005185599999094848,-9.779854776339524e-07,5.773159728050814e-15,False
grid,,1.9457286432160803,ok,0.004657900004531257,-9.734390575416456e-07,5.995204332975845e-15,False
grid,,1.9547738693467336,ok,0.004379899997729808,-9.689347122882507e-07,5.551115123125783e-15,False
grid,,1.9638190954773869,ok,0.0052800000048591755,-9.644718604916298e-07,3.9968028886505635e-15,False
grid,,1.9728643216080402,ok,0.004662600003939588,-9.600499314318145e-07,7.771561172376096e-15,False
grid,,1.9819095477386934,ok,0.00488259999838192,-9.556683648076318e-07,6.661338147750939e-15,False
grid,,1.9909547738693467,ok,0.004481399999349378,-9.513266105000768e-07,7.993605777301127e-15,False
grid,,2.0,ok,0.004507500001636799,-9.470241283420305e-07,1.9984014443252818e-15,False
bad_specimen,59,0.9768765800852666,ok,0.004867899995588232,-1.9388818355284592e-06,1.8857138073258284e-12,False
bad_specimen,162,1.130922939888089,ok,0.004430900000443216,-1.674781003974178e-06,4.5130565951012613e-13,False
bad_specimen,212,0.9862871913568623,ok,0.004625400004442781,-1.9203820887885315e-06,4.1822101337629647e-13,False
bad_specimen,221,0.9881214009606071,ok,0.004386000000522472,-1.916817361553694e-06,3.4416913763379853e-15,False
bad_specimen,271,0.9359543886319153,ok,0.004676199998357333,-2.0236544426618316e-06,1.2856382625159313e-13,False
bad_specimen,396,0.991333524685579,ok,0.0048290000049746595,-1.9106064805836597e-06,2.708944180085382e-14,False
bad_specimen,444,1.094881864476855,ok,0.004561699999612756,-1.729911069071348e-06,3.708144902248023e-14,False
bad_specimen,585,0.8715885127670312,ok,0.004695899995567743,-2.1730991505050714e-06,2.275957200481571e-14,False
bad_specimen,586,0.8913950944060067,ok,0.004662999999709427,-2.1248134172714413e-06,1.2212453270876722e-13,False
bad_specimen,622,1.006371322246967,ok,0.004489400002057664,-1.8820570646373451e-06,3.838040996129166e-13,False
bad_specimen,634,1.1464435613838004,ok,0.0038200999988475814,-1.6521077185844282e-06,2.4280577548552174e-13,False
bad_specimen,654,1.0138917486098675,ok,0.004862499998125713,-1.8680971210990474e-06,6.084022174945858e-14,False
bad_specimen,659,0.8837413387956297,ok,0.004830199999560136,-2.143215637354623e-06,2.9254376698872875e-13,False
bad_specimen,690,0.9885998619445822,ok,0.004914199998893309,-1.915889663345051e-06,4.6407322429331543e-14,False
bad_specimen,772,1.132135978786998,ok,0.005526799999643117,-1.6729865424061133e-06,1.9184653865522705e-13,False
bad_specimen,843,0.7590382905106321,ok,0.005157100000360515,-2.495326362799008e-06,5.357936316841005e-13,False
bad_specimen,982,1.0673963288513602,ok,0.0052097000007051975,-1.7744564090083093e-06,9.61120072417998e-13,False
